TYPE, LINK, SOURCE_NAME, ADD_DATE
1, "https://kpmgbrasil.gupy.io/", "", "20-01-2025"
1, "https://almapbbdo.gupy.io/", "", "20-01-2025"
1, "https://cea.gupy.io/", "", "20-01-2025"
1, "https://lideresoperacionais.gupy.io/", "", "20-01-2025"
1, "https://globalhitss.gupy.io/", "", "20-01-2025"
1, "https://grupo-dreamers.gupy.io/", "", "20-01-2025"
1, "https://montreal.gupy.io/", "", "20-01-2025"
1, "https://vempranexdom.gupy.io/", "", "20-01-2025"
1, "https://paytrack.gupy.io/", "", "20-01-2025"
1, "https://vagasprevident.gupy.io/", "", "20-01-2025"
1, "https://qualitydigital.gupy.io/", "", "20-01-2025"
1, "https://richs.gupy.io/", "", "20-01-2025"
1, "https://sbsc.gupy.io/", "", "20-01-2025"
1, "https://vivaracorporativo.gupy.io/", "", "20-01-2025"
1, "https://cinpal.gupy.io/", "", "20-01-2025"
1, "https://carreirasdecathlon.gupy.io/", "", "20-01-2025"
1, "https://befly.gupy.io/", "", "20-01-2025"
1, "https://dasacorp.gupy.io/", "", "20-01-2025"
1, "https://scforce.gupy.io/", "", "20-01-2025"
1, "https://simpar.gupy.io/", "", "20-01-2025"
1, "https://vivo.gupy.io/", "", "20-01-2025"
1, "https://grupoboticario.gupy", "", "20-01-2025"
1, "https://sicredi.gupy.io/", "", "20-01-2025"
1, "https://scaladatacenters.gupy.io/", "", "20-01-2025"
1, "https://aegea.gupy.io/", "", "20-01-2025"
1, "https://ambev.gupy.io/", "", "20-01-2025"
1, "https://carreirasammo.gupy.io/", "", "20-01-2025"
1, "https://assai.gupy.io/", "", "20-01-2025"
1, "https://atento.gupy.io/", "", "20-01-2025"
1, "https://abcbrasil.gupy.io/", "", "20-01-2025"
1, "https://vemproitau.gupy.io/", "", "20-01-2025"
1, "https://www.bluefit.com.br/trabalhe-conosco", "", "20-01-2025"
1, "https://corporativogrupocasasbahia.gupy.io/", "", "20-01-2025"
1, "https://cba.gupy.io/", "", "20-01-2025"
1, "https://contabilizei.gupy.io/", "", "20-01-2025"
1, "https://sejaefi.gupy.io/", "", "20-01-2025"
1, "https://embraer.gupy.io/", "", "20-01-2025"
1, "https://espacolaser.gupy.io/", "", "20-01-2025"
1, "https://estapar.gupy.io/", "", "20-01-2025"
1, "https://marilan.gupy.io/", "", "20-01-2025"
1, "https://gruposoma.gupy.io/", "", "20-01-2025"
1, "https://ioasys.gupy.io/", "", "20-01-2025"
1, "https://messergases.gupy.io/", "", "20-01-2025"
1, "https://petlove.gupy.io/", "", "20-01-2025"
1, "https://petz.gupy.io/", "", "20-01-2025"
1, "https://pmweb.gupy.io/", "", "20-01-2025"
1, "https://scansource.gupy.io/", "", "20-01-2025"
1, "https://seconci-sp.gupy.io/", "", "20-01-2025"
1, "https://suzano.gupy.io/", "", "20-01-2025"
1, "https://teltex.gupy.io/", "", "20-01-2025"
1, "https://icts.gupy.io/", "", "20-01-2025"
1, "https://time-now.gupy.io/", "", "20-01-2025"
1, "https://topazbrasil.gupy.io/", "", "20-01-2025"
1, "https://toyotabrasil.gupy.io/", "", "20-01-2025"
1, "https://vereda.gupy.io/", "", "20-01-2025"
1, "https://vemserwill.gupy.io/", "", "20-01-2025"